SPU,包装尺寸,包装实重(KGS),Shipping Cost ($)
AAREN PATTERN A,77.00*74.50*67.00,14.0,14.495871999999999
ALDRED YELLOW,76.00*49.00*48.00,14.25,14.716334
AOKELAN OCCASIONAL CHAIR YELLOW,66.00*60.00*47.50,10.0,15.96848
BESSEMER BROWN LEAF,92.00*31.00*63.00,17.6,17.670524800000003
BESSEMER GREEN LEAF,92.00*31.00*63.00,17.6,17.670524800000003
CONTENTO PINK,75.00*72.00*60.50,14.5,14.936796
DIXIER BEIGE,72.50*64.00*50.00,9.3,15.351186400000001
DIXIER DARK GREY,72.50*64.00*50.00,9.3,15.351186400000001
DOUMBIA DGREEN A,81.00*74.00*41.00,11.5,17.291252
DOUMBIA SIENNA A,81.00*74.00*41.00,11.5,17.291252
DUGAN BLUE,75.00*67.00*48.50,23.0,17.432503999999998
DUKE ARM BROWN PU 2PCS,70.00*58.50*52.50,16.3,16.5241224
DUKE BLACK 2PCS,64.00*57.00*55.00,16.0,16.259567999999998
DUKE BROWN 2PCS,64.00*57.00*55.00,16.0,16.259567999999998
ELLIOT,83.50*73.50*77.50,20.3,20.051514400000002
ELLIOT PATTERN A,83.50*73.50*77.50,20.3,20.051514400000002
EPPING KD BLUE,75.00*68.50*36.00,15.0,15.37772
EPPING KD FABRIC JOINT,75.00*68.50*35.00,15.0,15.37772
ERIQ  SY,110.00*77.00*31.50,24.3,18.5789064
FALETTE BEIGE,67.00*70.50*62.00,11.3,17.1148824
FALETTE GREEN,72.00*68.50*63.00,11.3,17.1148824
FUCHS IVORY,75.00*68.50*35.00,16.0,16.259567999999998
FUNKEL VELVET BLUE,75.00*68.50*31.50,11.0,16.850328
FUNKEL VELVET GREEN,75.00*68.50*31.50,11.0,16.850328
GLOBE BLUSH,70.00*64.00*50.50,9.5,15.527556
GLOBE GREY,70.00*64.00*50.50,9.5,15.527556
GLOBE TEAL GREEN,70.00*64.00*50.50,9.5,15.527556
HARKLESS BEIGE,68.50*76.00*57.00,27.0,20.959896
HARKLESS ORANGE,68.50*76.00*57.00,27.0,20.959896
HUTTER BLUE,72.00*69.00*69.00,11.6,17.3794368
HUTTER GINGER,72.00*69.00*69.00,11.6,17.3794368
HUTTER GREEN,72.00*69.00*69.00,11.6,17.3794368
IRIS TAUPE,75.00*68.50*35.00,14.0,14.495871999999999
JOVANNI PATTERN B,75.00*73.00*56.00,20.8,20.4924384
KAS FABRIC GREEN 2022,68.00*32.00*76.00,11.5,17.291252
KAS VELVET TERRACOTTA,75.00*33.50*68.50,11.0,16.850328
LOWRY DARK BLUE,74.00*70.00*69.00,12.9,18.5258392
LOWRY DARK GREEN,74.00*70.00*69.00,12.9,18.5258392
LOWRY GREY,74.00*70.00*69.00,12.9,18.5258392
LOWRY PINK,74.00*70.00*69.00,12.9,18.5258392
MOONEY GREY A,82.00*54.00*67.50,17.1,17.2296008
MOONEY NAVY BLUE A,82.00*54.00*67.50,17.1,17.2296008
PEARCE,83.50*71.00*76.50,21.3,20.9333624
PEARCE PATTERN A,83.50*71.00*76.50,21.3,20.9333624
PEARCE PATTERN B,83.50*71.00*76.50,21.3,20.9333624
REDDISH,80.00*48.00*66.00,21.0,20.668808
TREMONT YELLOW,68.00*59.00*65.00,18.0,18.023263999999998
WING CORAL,78.00*73.00*39.00,16.0,16.259567999999998
WING GREY,78.00*73.00*39.00,16.0,16.259567999999998
WING WHITE,78.00*73.00*39.00,16.0,16.259567999999998
ZACK SUEDE,74.00*71.50*63.00,14.5,14.936796
ADRIA COFFEE TABLE SET BLACK LEG,82.00*42.00*20.00,10.0,15.96848
ANONYMOUS LMKZ,58.00*56.00*14.50,9.0,12.086631999999998
AURORA COFFEE TABLE A,94.00*71.00*19.00,18.24,18.234907519999997
AURORA COFFEE TABLE LMKZ,94.00*71.00*19.00,18.24,18.234907519999997
BRISSETT,78.00*45.00*7.00,4.2,7.8537616
DEMAIO B,85.00*64.00*12.00,14.0,14.495871999999999
GRAIN MDF DB HM,124.00*73.00*10.00,20.2,19.963329599999998
HUDD LMKZ,94.00*90.00*9.00,21.6,21.1979168
HUSSAINI HM,134.00*70.00*11.50,28.2,22.0181136
KAUWHATA MDF JM,68.00*61.00*10.00,10.3,16.2330344
KONYA MARBLE,57.00*53.00*6.00,4.7,8.2946856
KRAVETS,113.00*70.00*12.00,27.0,20.959896
LIVERPOOL COFFEE TABLE BLACK,132.50*50.50*16.50,22.0,21.550656
LIVERPOOL COFFEE TABLE WHITE,132.50*50.50*16.50,22.0,21.550656
LYALL,135.00*77.50*41.00,35.0,28.01468
MARKS,80.00*80.00*13.00,18.0,18.023263999999998
OKOLI,56.00*56.00*41.00,16.0,16.259567999999998
THIEDE,135.00*70.00*12.00,30.2,23.7818096
UFUOMA,14.00*91.00*53.00,20.6,20.3160688
UPASANA,11.00*100.00*53.00,14.3,14.7604264
ZEN COFFEE TABLE,131.00*62.00*12.00,15.0,15.37772
HELMS,91.00*45.00*22.00,15.0,15.37772
HEMPHILL,131.00*42.00*17.00,15.0,15.37772
HESS,131.00*42.00*17.00,15.0,15.37772
LYZA,113.00*49.50*59.50,33.9,27.0446472
ZEN CONSOLE,111.00*37.00*13.00,15.0,15.37772
ZEN CONSOLE LONG,131.00*37.00*12.00,15.0,15.37772
CANALES,98.00*88.00*10.00,9.7,15.703925599999998
FACTO END TABLE MARBLE Ⅰ,50.00*42.00*15.00,4.55,8.1624084
LOCKIE BROWN,112.00*45.00*37.00,23.75,18.09389
LOCKIE WHITE,112.00*45.00*37.00,23.75,18.09389
LYDON,59.50*59.50*28.00,11.15,16.9826052
LYTING WHITE,112.00*43.00*60.00,29.85,23.4731628
PIZARRO,59.50*57.00*20.00,12.86,18.49056528
PLANTAIN END TABLE,91.00*47.50*16.50,14.0,14.495871999999999
EPPING KD VELVET GREEN WOOD LEG,75.00*68.50*35.00,15.0,15.37772
KAS FABRIC YELLOW DARK WOOD LEG 2022,68.00*32.00*76.00,11.5,17.291252
KAS KD VELVET GREEN LMKZ,68.00*32.00*76.00,11.3,17.1148824
KAS OTTOMAN,75.00*68.50*35.00,15.2,15.554089599999998
BOTTEGA BLACK,48.50*48.50*39.50,15.0,15.37772
CHELSEA,107.50*46.50*16.50,10.7,16.5857736
CHELSEA PATTERN A,107.50*46.50*46.50,10.7,16.5857736
CHELSEA PATTERN B,107.50*46.50*16.50,10.7,16.5857736
CICILIA GREY A,112.50*44.00*17.00,9.15,15.2189092
CORMORANT BEIGE,47.00*47.00*35.00,8.8,11.9102624
EDELINE OTTOMAN,86.00*86.00*31.00,20.0,19.78696
GAVIN LONDON,39.00*7.00*40.00,2.8,6.6191743999999995
NUHU BEIGE OAK LEG,120.00*40.00*14.00,8.85,11.954354799999999
NUHU CHARCOAL OAK LEG,120.00*40.00*14.00,8.85,11.954354799999999
NUHU CORA OAK LEG,120.00*40.00*14.00,8.85,11.954354799999999
NUHU DARK BLUE OAK LEG,120.00*40.00*14.00,8.85,11.954354799999999
RIZZO DARK BLUE,128.00*46.00*17.00,11.5,17.291252
SAKA DARK BLUE,47.00*48.00*22.00,30.0,23.60544
SAKA TEAL,47.00*48.00*22.00,30.0,23.60544
SLIP BENCH FROST BLACK GOLD LEGS,116.00*42.00*10.00,9.85,15.8362028
SLIP BENCH FROST BLUSH GOLD LEGS,116.00*42.00*10.00,9.85,15.8362028
SLIP BENCH FROST ROYAL BLUE GOLD LEGS,116.00*42.00*10.00,9.85,15.8362028
CANDIDA SLIM,94.50*34.50*19.00,17.0,17.141416
HENON,129.00*43.00*12.00,17.0,17.141416
HONOURABLE GLASS,101.00*45.00*15.50,19.3,19.1696664
KAPTOUM FIVE LAYER,110.00*35.00*27.00,16.0,16.259567999999998
KORNETKA,122.00*35.00*17.50,23.6,17.9616128
LACK FIVE,185.00*40.00*24.00,28.36,22.15920928
LINE BENT LMKZ,82.00*78.00*21.00,15.4,15.730459199999999
SEXTON SLIM,62.50*48.00*9.00,7.6,10.852044799999998
AUDERO FABRIC PINK,75.00*75.00*66.00,22.0,21.550656
AUDERO VELVET GREY,77.00*76.00*66.00,19.5,19.346035999999998
AUDERO VELVET RUST,75.00*75.00*66.00,22.0,21.550656
CLEMENCY DOUBLE,171.00*96.00*56.00,50.0,41.2424
CYNRIC DOUBLE,130.00*84.00*62.00,35.0,28.01468
CYNRIC SINGLE,90.00*84.00*62.00,27.5,21.40082
EDELINE ARMLESS CHAIR,93.00*88.00*60.00,20.0,19.78696
EDELINE CORNER,89.00*89.00*59.00,20.0,19.78696
EDWINA DOUBLE SEATER,147.50*85.00*63.00,49.7,40.9778456
ADRIA TV STAND GOLD LEG A,164.00*37.00*13.00,18.4,18.3760032
FACTO TV STAND DARK WOOD B,132.00*46.50*13.00,16.1,16.347752800000002
FACTO TV STAND MARBLE,132.00*45.50*15.00,16.7,16.876861599999998
FAVRE TV STAND LONG WALNUT,139.00*40.00*15.00,27.0,20.959896
OBERT OAK,175.00*48.00*15.50,43.7,35.6867576
PANYA OAK,175.00*48.00*13.00,34.3,27.397386399999995
ADALGIS CHORMED BAR CHARCOL,69.00*38.00*52.00,10.0,15.96848
ALDRIDGE BAR 30 BLUE VELVET BLACK LEG,90.00*44.50*65.00,16.9,17.0532312
ALDRIDGE BAR 30 GREEN VELVET BLACK LEG,90.00*44.50*65.00,16.9,17.0532312
ALDRIDGE BAR 30 GREY VELVET BLACK LEG,90.00*44.50*65.00,16.9,17.0532312
ALDRIDGE BAR 30 GREY VELVET BLACK LEG,90.00*44.50*65.00,16.9,17.0532312
ALDRIDGE COUNTER 26 BLUE VELVET BLACK LEG,70.00*50.00*65.00,16.9,17.0532312
ALDRIDGE COUNTER 26 GREEN VELVET BLACK LEG,70.00*50.00*65.00,16.9,17.0532312
ALDRIDGE COUNTER 26 GREY VELVET BLACK LEG,70.00*50.00*65.00,16.9,17.0532312
ALDRIDGE COUNTER 26 GREY VELVET BLACK LEG,70.00*50.00*65.00,16.9,17.0532312
ANACLETUS OAK LMKZ,77.00*42.50*13.00,11.28,17.09724544
ANACLETUS PVC,76.50*43.00*17.00,11.12,16.95614976
ANACLETUS SUEDE,76.50*43.00*17.00,11.12,16.95614976
ANACLETUS WALNUT LMKZ,77.00*42.50*13.00,11.28,17.09724544
BAER BLACK A,62.00*41.50*46.00,11.2,17.0266976
BATASSEL BAR VELVET GREY GOLD LEG,81.00*52.00*52.50,13.5,19.054948
BATASSEL BAR VELVET GREY GOLD LEG,81.00*52.00*52.50,13.5,19.054948
BAZE GERY,67.50*60.00*52.00,22.0,21.550656
CHAR-CS001 CHARCOAL,58.00*47.00*42.00,14.7,15.1131656
CHAR-CS002 BROWN,58.00*47.00*42.00,14.7,15.1131656
CHAR-HB001 CHARCOAL,58.00*47.00*42.00,14.7,15.1131656
CHAR-HB002 BROWN,58.00*47.00*42.00,14.7,15.1131656
CHARLTON BAR 30 DARK GREY TERRY WALNUT METAL LEG,78.00*44.00*37.50,15.65,15.9509212
CHARLTON COUNTER 26 DARK GREY TERRY WALNUT METAL LEG,66.50*44.00*38.00,15.5,15.818643999999999
CHARLTON COUNTER 26 DARK GREY TERRY WALNUT METAL LEG,66.50*44.00*38.00,15.5,15.818643999999999
CHARLTON COUNTER 26 NAVY BLUE TERRY WALNUT METAL LEG,66.50*44.00*38.00,15.5,15.818643999999999
CHARLTON COUNTER 26 TEAL TERRY WALNUT METAL LEG,66.50*44.00*38.00,15.5,15.818643999999999
CHARLTON COUNTER 26 YELLOW TERRY WALNUT METAL LEG,66.50*44.00*38.00,15.5,15.818643999999999
CHIVE HIGH BAR LETTES,73.00*56.50*23.00,12.5,18.1731
DEARBORN GREY BLACK LEG,62.00*18.50*44.00,11.0,16.850328
DONCIC BAR 30 BROWN SUEDE BLACK GOLD LEG,76.00*45.00*62.00,14.0,14.495871999999999
DONCIC BAR 30 BROWN SUEDE BLACK GOLD LEG,76.00*45.00*62.00,14.0,14.495871999999999
DONCIC COUNTER 26 BROWN SUEDE BLACK GOLD LEG,72.00*45.00*62.00,14.0,14.495871999999999
DONCIC COUNTER 26 BROWN SUEDE BLACK GOLD LEG,72.00*45.00*62.00,14.0,14.495871999999999
EKETAHUNA CLARET LMKZ,55.00*34.00*34.00,6.5,9.882012
ELIJAH 2PCS WHITE,59.00*41.50*42.00,13.0,18.614024
FIYAN MIDDLEBAR CORAL,74.00*46.00*18.00,11.0,16.850328
FIYAN MIDDLEBAR MUSTARD,74.00*46.00*18.00,11.0,16.850328
FIYAN MIDDLEBAR NAVY,74.00*46.00*18.00,11.0,16.850328
FIYAN PP BK & BRONZE 2PCS,74.00*46.00*18.00,13.5,19.054948
FIYAN PP BK & BRONZE MIDDLE BAR,74.00*46.00*18.00,11.0,16.850328
FIYAN PP FULL BK 2PCS,74.00*46.00*18.00,13.5,19.054948
FIYAN PP FULL BK MIDDLE BAR,74.00*46.00*18.00,15.0,15.37772
FIYAN PP WH&BRONZE 2PCS,74.00*46.00*18.00,13.0,18.614024
FIYAN PP WH&BRONZE 2PCS,74.00*46.00*18.00,13.0,18.614024
FIYAN PP WH&BRONZE MIDDLE BAR,74.00*46.00*18.00,11.0,16.850328
FIYAN PP WH&BRONZE MIDDLE BAR,74.00*46.00*18.00,11.0,16.850328
FIYAN PP WHITE BLACK LEG 2PCS,74.00*46.00*18.00,12.5,18.1731
HASEEB BAR 30 DARK GREY TERRY BLACK LEG,75.00*36.00*53.00,14.6,15.024980799999998
HASEEB BAR 30 NAVY BLUE TERRY BLACK LEG,75.00*36.00*53.00,14.6,15.024980799999998
HASEEB BAR 30 TEAL TERRY BLACK LEG,75.00*36.00*53.00,14.6,15.024980799999998
HASEEB COUNTER 26 DARK GREY TERRY BLACK LEG,75.00*36.00*53.00,14.6,15.024980799999998
HASEEB COUNTER 26 DARK GREY TERRY BLACK LEG,75.00*36.00*53.00,14.6,15.024980799999998
HASEEB COUNTER 26 TEAL TERRY BLACK LEG,75.00*36.00*53.00,14.6,15.024980799999998
HASEEB PU,75.00*36.00*53.00,14.7,15.1131656
HASEEB TERRY BLACK,75.00*36.00*53.00,14.0,14.495871999999999
HASEEB TERRY CREAM BLACK LEG,75.00*36.00*53.00,14.0,14.495871999999999
HASEEB TERRY CREAM BLACK LEG,75.00*36.00*53.00,14.0,14.495871999999999
HASEEB TERRY GREY,75.00*36.00*53.00,14.0,14.495871999999999
HSB-CS001 ALOE,60.00*49.50*45.50,14.0,14.495871999999999
HSB-CS002 BISCUIT,60.00*49.50*45.50,14.0,14.495871999999999
HSB-HB001 ALOE,60.00*49.50*45.50,14.0,14.495871999999999
HSB-HB002 BISCUIT,60.00*49.50*45.50,14.0,14.495871999999999
IDP-CS001 COGNAC,48.00*102.00*25.50,13.3,18.878578400000002
IDP-HB001 COGNAC,48.00*109.00*27.50,14.5,14.936796
INDEPENDENCE BAR BOUTON,102.00*48.00*25.50,15.0,15.37772
INDEPENDENCE BAR BOUTON,102.00*48.00*25.50,15.0,15.37772
INDEPENDENCE BOUTONBAR PU BLACK,102.00*48.00*25.50,13.2,18.7903936
INDEPENDENCE BOUTONBAR PU CREAM,102.00*48.00*25.50,20.0,19.78696
INDEPENDENCE COUNTER BAR BOUTON VINTAGE A,96.00*48.00*27.00,13.35,18.9226708
INDEPENDENCE HIGH BAR BOUTON CREAM,110.00*49.00*28.00,11.0,16.850328
INDEPENDENCE HIGH BAR BOUTON VINTAGE A,110.00*49.00*28.00,14.2,14.6722416
INDEPENDENCE HIGH BAR BOUTON VINTAGE B,110.00*49.00*28.00,14.2,14.6722416
JAYLEN,54.00*54.00*66.50,11.0,16.850328
LAKERS GREY,55.00*60.00*75.00,14.4,14.8486112
LUNON HIGH BAR WH,118.00*35.00*49.00,19.0,18.905112000000003
MORAG 246T,71.00*43.00*10.00,12.0,17.732176
NIELSEN FABRIC CHARCOAL,102.00*26.00*42.00,14.4,14.8486112
PISTIL 24 INCH,76.50*48.50*20.50,12.5,18.1731
PISTIL 29 INCH,76.50*48.50*21.00,13.0,18.614024
RABIOT BAR GREY,77.00*47.00*52.00,16.0,16.259567999999998
RUSS BLACK,82.00*36.00*52.00,13.0,18.614024
RUSS GREY,82.00*36.00*52.00,13.0,18.614024
SCARGILL BAR 30 DARK GREY GOLD LEG,78.00*44.00*37.50,14.7,15.1131656
SCARGILL BAR 30 DARK GREY GOLD LEG,78.00*44.00*37.50,14.7,15.1131656
SCARGILL BAR 30 YELLOW TERRY GOLD LEG,78.00*44.00*37.50,14.7,15.1131656
SCARGILL BAR DARK GREY,77.00*33.00*52.00,14.7,15.1131656
SCARGILL COUNTER 26 BEIGE GOLD LEG,70.00*35.00*50.00,14.35,14.804518799999999
SCARGILL COUNTER 26 DARK GREY GOLD LEG,70.00*35.00*50.00,14.35,14.804518799999999
SCARGILL COUNTER 26 DARK GREY GOLD LEG,70.00*35.00*50.00,14.35,14.804518799999999
SCARGILL COUNTER 26 YELLOW TERRY GOLD LEG,70.00*35.00*50.00,14.35,14.804518799999999
SCARGILL COUNTER BAR YELLOW,70.00*35.00*50.00,14.35,14.804518799999999
SMEG BAR 30 GREY PU BLACK GOLD LEG,75.00*43.00*53.00,14.65,15.0690732
SMEG BAR 30 GREY PU BLACK GOLD LEG,75.00*43.00*53.00,14.65,15.0690732
SMEG BAR BLACK PU BLACK GOLD LEG,65.00*42.00*54.00,14.65,15.0690732
SMEG BAR BLACK PU BLACK GOLD LEG,65.00*42.00*54.00,14.65,15.0690732
SMEG BAR COGNAC PU BLACK GOLD LEG,65.00*42.00*54.00,14.65,15.0690732
SMEG BAR GREY PU BLACK GOLD LEG,65.00*42.00*54.00,14.65,15.0690732
THOCAR 24 GUN METAL BAR 2PCS,48.00*46.00*76.00,10.5,16.409404
THOCAR 24 RED METAL BAR 2PCS,48.00*46.00*76.00,10.5,16.409404
THOCAR 24 RED METAL BAR 4PCS,48.00*46.00*101.00,21.0,20.668808
THOCAR 29 BLACK 2PCS,50.00*46.00*88.00,13.8,14.3195024
THOCAR 29 GUN 2PCS,50.00*46.00*88.00,13.8,14.3195024
THOCAR 29 GUN METAL BAR STOOL,46.00*49.00*19.70,5.3,8.823794399999999
THOCAR 29 SILVER 2PCS,50.00*46.00*88.00,13.8,14.3195024
THOCAR 29 SILVER METAL BAR 2PCS,50.00*46.00*88.00,12.1,17.8203608
VUSTU 24 GUN METAL 2PCS,43.00*43.00*76.00,10.6,16.4975888
VUSTU 24 GUN METAL 4PCS,43.00*43.00*100.00,21.0,20.668808
VUSTU 24 RED METAL 2PCS,43.00*43.00*76.00,10.6,16.4975888
VUSTU 24 RED METAL 4PCS,43.00*43.00*100.00,21.0,20.668808
VUSTU 24 SILVER 4PCS,43.00*43.00*100.00,22.0,21.550656
VUSTU 24 SILVER METAL 2PCS,43.00*43.00*76.00,10.6,16.4975888
VUSTU 24 SILVER METAL 4PCS,43.00*43.00*100.00,21.0,20.668808
VUSTU 29 BLACK 4PCS,45.00*45.00*117.00,24.0,18.314351999999996
VUSTU 29 GUN 2PCS,45.00*45.00*88.00,12.4,18.0849152
VUSTU 29 GUN 4PCS,45.00*45.00*117.00,24.0,18.314351999999996
VUSTU 29 RED METAL 2PCS,45.00*45.00*88.00,11.7,17.467621599999998
VUSTU 29 RED METAL 4PCS,45.00*45.00*117.00,10.0,15.96848
VUSTU 29 SILVER 4PCS,45.00*45.00*117.00,24.0,18.314351999999996
VUSTU 29 SILVER METAL 2PCS,45.00*45.00*88.00,10.6,16.4975888
WICHITA 24 2PCS,44.50*27.70*81.50,17.0,17.141416
WICHITA 29 2PCS,44.50*27.70*81.50,17.3,17.4059704
WINDLER BRICK RED,69.00*69.00*42.00,18.2,18.1996336
WINDLER GREY,69.00*69.00*42.00,18.2,18.1996336
ZOLNES 24 BLACK BAR STOOL A,100.00*10.00*30.00,4.0,7.677391999999999
ZOLNES 24 BLACK WOOD BAR STOOL,10.00*10.00*34.00,4.0,7.677391999999999
ZOLNES 24 BLUE 2PCS,43.00*43.00*76.00,9.0,12.086631999999998
ZOLNES 24 GUN BAR STOOL A,100.00*10.00*30.00,4.0,7.677391999999999
ZOLNES 24 SILVER 4PCS,43.00*43.00*100.00,18.0,18.023263999999998
ZOLNES 24 SILVER BAR STOOL A,100.00*10.00*30.00,4.0,7.677391999999999
ZOLNES 24 SILVER WOOD 4PCS,43.00*43.00*100.00,20.0,19.78696
ZOLNES 24 SILVER WOOD BAR STOOL,10.00*10.00*34.00,4.0,7.677391999999999
ZOLNES 24 VINTAGE RED 4PCS,43.00*43.00*100.00,18.0,18.023263999999998
ZOLNES 24 WHITE 2PCS,43.00*43.00*76.00,9.0,12.086631999999998
ZOLNES 29 BLUE BAR STOOL A,100.00*10.00*37.00,5.0,8.559239999999999
ZOLNES 29 GUN 4PCS,45.00*45.00*117.00,22.0,21.550656
ZOLNES 29 GUN BAR STOOL A,45.00*45.00*17.00,4.3,7.9419464
ZOLNES 29 GUN WOOD BAR STOOL,45.00*45.00*17.00,5.0,8.559239999999999
ZOLNES 29 SILVER 2PCS,45.00*45.00*88.00,9.8,15.7921104
ZOLNES 29 SILVER 4PCS,45.00*45.00*117.00,22.0,21.550656
ZOLNES 29 SILVER BAR STOOL A,45.00*45.00*17.00,4.3,7.9419464
ZOLNES 29 SILVER WOOD 4PCS,45.00*45.00*117.00,20.0,19.78696
ZOLNES 29 SILVER WOOD BAR STOOL,45.00*45.00*17.00,5.0,8.559239999999999
ZOLNES 29 WHITE BAR STOOL A,45.00*45.00*17.00,4.3,7.9419464
ALDRIDGE DINING ROSE VELVET BLACK LEG,59.00*52.00*56.00,15.0,15.37772
ALDRIDGE DINING ROSE VELVET BLACK LEG,59.00*52.00*56.00,15.0,15.37772
ALDRIDGE FROSTED BLUE,58.00*52.00*56.00,15.0,15.37772
ALDRIDGE FROSTED GREEN,58.00*52.00*56.00,15.0,15.37772
ALDRIDGE FROSTED GREY,58.00*52.00*56.00,15.0,15.37772
ALDRIDGE FROSTED ROSE,58.00*52.00*56.00,15.0,15.37772
ARALIA GREEN,69.00*54.00*52.00,12.7,18.3494696
ARALIA GREY,69.00*54.00*52.00,12.7,18.3494696
BATASSEL VELVET DBLUE Ⅰ,57.00*53.00*48.50,13.5,19.054948
BATASSEL VELVET GREY Ⅰ,57.00*53.00*48.50,13.5,19.054948
BATASSEL VELVET GREY Ⅰ,57.00*53.00*48.50,13.5,19.054948
Cambodia grey,53.00*93.00*36.00,7.8,11.028414399999999
Cambodia indigo,53.00*93.00*36.00,7.8,11.028414399999999
Cambodia merlot,53.00*93.00*36.00,7.8,11.028414399999999
Cambodia midnight,53.00*93.00*36.00,7.8,11.028414399999999
CAPE PINK,72.00*66.00*53.00,10.8,16.6739584
CAPE YELLOW,72.00*66.00*53.00,10.8,16.6739584
CHANDLER YELLOW,62.00*57.00*47.00,13.5,19.054948
CHARLES BROWN,46.00*68.00*52.00,10.1,16.0566648
CHARLES CHARCOAL,46.00*68.00*52.00,10.1,16.0566648
CHARLTON SUEDE BROWN SY,59.00*50.00*68.00,22.2,21.7270256
CHARLTON SUEDE NL 4PCS,56.50*45.00*65.50,18.7,18.640557599999998
CHARLTON TERRY FABRIC BLUE,59.00*50.00*68.00,21.2,20.8451776
CHARLTON TERRY FABRIC GREEN,59.00*50.00*68.00,21.2,20.8451776
CHARLTON TERRY FABRIC GREY,59.00*50.00*68.00,21.2,20.8451776
CHARLTON TERRY FABRIC GREY,59.00*50.00*68.00,21.2,20.8451776
CHARLTON TERRY FABRIC YELLOW,59.00*50.00*68.00,21.2,20.8451776
CHARLTON VINTAGE A LMKZ,59.00*50.00*68.00,22.3,21.815210399999998
CHARLTON VINTAGE B,58.00*49.00*68.00,20.5,20.227884
COFFEY GREY,77.00*46.00*35.00,10.8,16.6739584
CROMWELL VELVET YELLOW Ⅰ,67.00*34.00*59.00,8.0,11.204784
CROMWELL VINTAGE BLACK LEG Ⅰ,67.00*34.00*59.00,8.0,11.204784
CROMWELL YELLOW 2PCS SD,62.00*56.50*44.50,12.8,18.4376544
CRW-DC001 IVORY,55.00*75.00*52.00,11.1,16.9385128
CRW-DC002 CHARCOAL,55.00*75.00*52.00,11.1,16.9385128
CRW-DC003 AGATE,55.00*75.00*52.00,11.1,16.9385128
DONCIC DINING BROWN SUEDE BLACK GOLD LEG,70.00*40.00*58.00,12.0,17.732176
DONCIC DINING BROWN SUEDE BLACK GOLD LEG,70.00*40.00*58.00,12.0,17.732176
FAWN PINK VELVET,100.50*38.00*45.50,15.7,15.9950136
FAWN TAUPE A,101.00*34.00*43.00,10.0,15.96848
FAWN TAUPE VELVET,100.50*38.00*45.50,15.7,15.9950136
FELICIO CORDUROY RED,55.00*49.00*51.50,13.0,18.614024
FERRELL KHAKI,64.50*53.00*60.00,16.05,16.3036604
FRANKFURT BLACK 4PCS Ⅱ,64.00*63.00*51.00,21.4,21.0215472
FRANKFURT GREY 4PCS Ⅱ,64.00*63.00*51.00,21.4,21.0215472
FRANKFURT WHITE 4PCS Ⅱ,64.00*63.00*51.00,21.4,21.0215472
GENOVA FABRIC GREY 2PCS,69.00*51.00*38.00,13.5,19.054948
JULE GREEN Ⅰ,71.00*52.50*51.00,12.0,17.732176
JULE ROSE Ⅰ,71.00*52.50*51.00,12.0,17.732176
KAROMI KD,52.00*48.00*28.00,11.75,17.511714
KAROMI PU BLACK,95.00*46.00*26.00,7.0,10.322935999999999
KAROMI PU BLACK,95.00*46.00*26.00,7.0,10.322935999999999
KAROMI VINTAGE A,95.00*46.00*26.00,7.0,10.322935999999999
KAROMI VINTAGE A KD,52.00*48.00*28.00,11.75,17.511714
KAROMI VINTAGE B,95.00*46.00*26.00,7.0,10.322935999999999
KOM-DC001 COGNAC,46.00*95.00*26.00,12.3,17.9967304
KRICOX BLACK 2PCS,50.00*48.00*58.00,10.7,16.5857736
KRICOX BLACK DINING CHAIR,49.00*44.00*14.20,4.4,8.0301312
KRICOX GUN 2PCS,50.00*48.00*58.00,10.7,16.5857736
KRICOX RED 2PCS,50.00*48.00*58.00,10.7,16.5857736
KRICOX RED 4PCS,50.00*48.00*85.00,20.2,19.963329599999998
KRICOX SILVER 2PCS,50.00*48.00*58.00,10.7,16.5857736
KRICOX SILVER WOOD DINING CHAIR 4PCS,50.00*48.00*85.00,21.2,20.8451776
KRICOX WHITE 2PCS,50.00*48.00*58.00,10.7,16.5857736
KRICOX WHITE 4PCS,50.00*48.00*85.00,20.2,19.963329599999998
LAMB DIM GREY PU 2PCS,68.00*55.50*57.00,15.6,15.9068288
LARIA BROWN Ⅱ,69.00*58.00*48.00,21.0,20.668808
LARONDA ANTHRACITE,71.00*61.00*57.50,18.0,18.023263999999998
LARONDA BEIGE,71.00*61.00*57.50,18.0,18.023263999999998
LARONDA GREY,71.00*61.00*57.50,18.0,18.023263999999998
LOWE BK,89.00*36.00*49.00,14.0,14.495871999999999
LOWE DG,89.00*36.00*49.00,14.0,14.495871999999999
LOWE GR,89.00*36.00*49.00,14.0,14.495871999999999
LOWE NB,89.00*36.00*49.00,14.0,14.495871999999999
LUCETTA BEIGE,97.00*35.00*46.00,13.5,19.054948
LUCETTA BLACK,97.00*35.00*46.00,13.5,19.054948
LUCETTA GREEN,97.00*35.00*46.00,13.5,19.054948
LUCETTA GREY,97.00*35.00*46.00,13.5,19.054948
LUJAN GINGER,78.00*57.00*53.00,20.0,19.78696
LUJAN GREY,78.00*57.00*53.00,20.0,19.78696
MBAYE VELVET GREY,72.00*35.00*61.00,8.6,11.7338928
MOSAN GUN 2PCS,50.00*48.00*58.00,10.7,16.5857736
NATHANIA GREY,103.00*30.00*50.00,15.0,15.37772
NATHANIA OATMEAL,103.00*30.00*50.00,15.0,15.37772
PUZ-DC001 ALOE,65.00*63.50*52.00,11.0,16.850328
PUZ-DC002 BISCUIT,65.00*63.50*52.00,11.0,16.850328
PUZZLE DARK GREY,70.00*51.00*55.00,12.08,17.80272384
PUZZLE DARK GREY,70.00*51.00*55.00,12.08,17.80272384
PUZZLE MUSTARD YELLOW,70.00*56.00*50.00,12.08,17.80272384
PUZZLE NAVY BLUE,70.00*51.00*55.00,12.08,17.80272384
PUZZLE ORANGE,70.00*51.00*55.00,12.08,17.80272384
PUZZLE ORANGE,70.00*51.00*55.00,12.08,17.80272384
RABIOT ARM GREY,62.00*56.00*56.00,11.7,17.467621599999998
RABIOT ARM YELLOW,62.00*56.00*56.00,12.0,17.732176
RABIOT BLUE A,64.00*53.00*58.00,15.5,15.818643999999999
RABIOT FABRIC GREY,64.00*53.00*58.00,15.5,15.818643999999999
RABIOT GREY A,64.00*53.00*58.00,15.5,15.818643999999999
RABIOT PINK A,64.00*53.00*58.00,15.5,15.818643999999999
RICO WHITE 6PCS A,58.00*46.00*53.00,26.2,20.254417599999996
ROSANNE BEIGE,105.00*36.00*50.50,17.85,17.8909868
SAFARI DBLUE,65.00*51.00*52.50,11.4,17.2030672
SAFARI GREY,65.00*51.00*52.50,11.4,17.2030672
SAFARI GREY A,65.00*51.00*52.50,11.4,17.2030672
SAFARI YELLOW,65.00*51.00*52.50,11.4,17.2030672
SCARGILL BEIGE,67.00*50.00*55.00,22.2,21.7270256
SCARGILL BEIGE,67.00*50.00*55.00,22.2,21.7270256
SCARGILL BLUE,67.00*50.00*55.00,22.2,21.7270256
SCARGILL DARK GREY Ⅰ,67.00*50.00*55.00,22.2,21.7270256
SCARGILL DINING BLUE VELVET BLACK LEG,67.00*50.00*55.00,22.5,21.99158
SCARGILL DINING GREEN VELVET BLACK LEG,67.00*50.00*55.00,22.5,21.99158
SCARGILL DINING GREY VELVET BLACK LEG,67.00*50.00*55.00,22.5,21.99158
SCARGILL DINING ROSE VELVET BLACK LEG,67.00*50.00*55.00,22.5,21.99158
SCARGILL DINING YELLOW TERRY GOLD LEG A,67.00*50.00*55.00,22.5,21.99158
SCARGILL FROSTED VELVET GREEN,68.00*49.00*53.00,22.5,21.99158
SCARGILL FROSTED VELVET GREY,68.00*49.00*53.00,22.5,21.99158
SCARGILL YELLOW,67.00*50.00*55.00,20.4,20.1396992
SMEG COGNAC PU BLACK GOLD LEG,56.00*48.00*51.50,12.3,17.9967304
SMEG DARK BLUE,56.00*55.50*53.50,13.35,18.9226708
SMEG DARK BLUE A,56.00*48.00*51.50,12.3,17.9967304
SMEG DARK BROWN PU BLACK GOLD LEG,56.00*48.00*51.50,12.3,17.9967304
SMEG DINING BROWN LEATHAIRE BLACK GOLD LEG,56.00*48.00*51.50,12.3,17.9967304
SMEG DINING CHARCOAL LEATHAIRE BLACK GOLD LEG,56.00*48.00*51.50,12.3,17.9967304
SMEG GREEN OAK LEG A,56.00*48.00*51.50,12.3,17.9967304
SMEG GREY PU BLACK GOLD LEG,56.00*48.00*51.50,12.3,17.9967304
SMEG GREY PU BLACK GOLD LEG,56.00*48.00*51.50,12.3,17.9967304
SMEG TIAANIUM 32MM A,56.00*48.00*51.50,12.3,17.9967304
SMEG TIAANIUM 32MM FROESTED BLUE,56.00*48.00*52.00,12.3,17.9967304
SMEG TIAANIUM 32MM FROESTED GREEN,56.00*48.00*52.00,12.3,17.9967304
SMEG TIAANIUM 32MM FROESTED GREY,56.00*48.00*52.00,12.3,17.9967304
SMEG TIAANIUM 32MM GREY LMKZ,56.00*55.50*53.50,13.1,18.7022088
SMEG TIAANIUM 32MM LMKZ,56.00*55.50*53.50,13.1,18.7022088
SMEG TIAANIUM 32MM ROSE LMKZ,56.00*55.50*53.50,13.1,18.7022088
SMEG YELLOW A,56.00*48.00*51.50,12.3,17.9967304
STEFFEN BROWN,84.00*55.00*53.00,17.9,17.9350792
STEFFEN GREY,84.00*55.00*53.00,17.9,17.9350792
STOCKER BEIGE,80.00*55.00*53.50,17.0,17.141416
STOCKER BLUE,80.00*55.00*53.50,17.0,17.141416
STOCKER PINK,80.00*55.00*53.50,17.0,17.141416
STOLZ BLUSH BLACK LEG,63.00*56.00*76.50,17.1,17.2296008
SUVA YELLOW 4PCS,72.00*56.00*52.50,22.0,21.550656
WILONA GERY,114.00*41.00*50.50,18.6,18.5523728
ZANKA BLACK GOLD LEG,67.00*59.00*52.00,10.0,15.96848
ZANKA BLUE GOLD LEG,67.00*59.00*52.00,10.0,15.96848
ZANKA GREY GOLD LEG,67.00*59.00*52.00,10.0,15.96848
ZOMBA BLUE VELVET DIAMOND KD METAL SY,51.00*46.00*52.00,12.5,18.1731
ZOMBA GOLD+PINK,56.00*56.00*57.50,10.95,16.806235599999997
ZOMBA GREY VELVET BLACK GOLD LEG,53.00*46.00*51.00,12.5,18.1731
ZOMBA GREY VELVET DIAMOND KD METAL SY,51.00*46.00*52.00,13.0,18.614024
ZOMBA GREY VELVET DIAMOND KD METAL SY,51.00*46.00*52.00,13.0,18.614024
ZOMBA ROSE VELVET DIAMOND KD METAL SY,51.00*46.00*52.00,13.0,18.614024
ZOMBA TERRY FABRIC BLUE,51.00*46.00*52.00,12.3,17.9967304
ZOMBA TERRY FABRIC GREEN,51.00*46.00*52.00,12.3,17.9967304
ZOMBA TERRY FABRIC GREY,51.00*46.00*52.00,12.3,17.9967304
ZOMBA TERRY FABRIC GREY,51.00*46.00*52.00,12.3,17.9967304
ZOMBA VELVET AQUA BLACK LEG A,51.00*46.00*52.00,15.0,15.37772
ZOMBA VELVET NAVYBLUE BLACK LEG A,51.00*46.00*52.00,15.0,15.37772
MAGALLANES BEECH,91.00*89.00*14.00,27.0,20.959896
MAGALLANES LMKZ,91.00*89.00*14.00,27.0,20.959896
UNATHI,21.00*131.00*78.00,32.5,25.81006
AMANDA,187.00*106.00*13.00,42.0,34.187616
BARI BLACK,113.50*75.00*8.00,25.2,19.3725696
BARI BLACK,113.50*75.00*8.00,25.2,19.3725696
BRANDT BLACK LEG A,167.50*96.00*8.50,24.93,19.13447064
BRANDT MARBLE GOLD LEG 120,130.00*80.00*10.00,18.5,18.464188
BRANDT WALNUT BLACK LEG 120,130.00*80.00*10.00,18.5,18.464188
BRANDT WALNUT BLACK LEG 140,158.00*89.00*10.00,24.0,18.314351999999996
BRANDT WALNUT BLACK LEG 140,158.00*89.00*10.00,24.0,18.314351999999996
CHAD QS BLACK,88.00*88.00*9.50,11.0,16.850328
CURRENCY Ⅰ,131.50*77.50*10.50,18.45,18.4200956
CURRENCY Ⅰ,134.00*80.00*11.50,18.5,18.464188
CURRENCY MARBLE ROUND TOP80 B,91.00*87.00*11.00,10.83,16.70041384
CURRENCY ROUND TOP80 B,91.00*87.00*11.00,10.83,16.70041384
HYLDA,109.00*100.00*16.50,21.85,21.4183788
ROOKIE 110 ROUND LEG Ⅳ,120.00*80.00*9.00,18.0,18.023263999999998
ROOKIE ROUND LEG 110 Ⅰ,118.00*77.00*12.50,15.0,15.37772
ROOKIE ROUND LEG 110 Ⅰ / ROOKIE 110 ROUND LEG Ⅳ,118.00*77.00*12.50,15.0,15.37772
ROOKIE ROUND LEG 120 GREY A,128.00*85.50*14.00,19.15,19.0373892
ROOKIE SQUARE TABLE WHITE,87.00*87.00*15.00,11.0,16.850328
SLIP GLASS Ⅰ,132.00*90.00*13.00,31.8,25.1927664
SLIP GLASS Ⅰ/ SLIP GLASS GOLD LEG 120,133.00*90.00*10.50,28.9,22.6354072
SLIP GLASS BLACK LEG 120,133.00*90.00*10.50,28.9,22.6354072
SLIP GLASS GOLD LEG 120,133.00*90.00*10.50,28.9,22.6354072
SLIP GLASS GOLD LEG 140,153.00*88.00*9.00,31.3,24.7518424
WHALEN YMSX,133.00*76.00*13.00,18.4,18.3760032
UHTRIC,13.50*79.00*44.00,12.5,18.1731
AURORA SIDE BOARD A,134.00*65.50*23.00,37.0,29.778375999999998
BEBOU SIDE BOARD LOW,149.00*50.00*15.00,32.7,25.9864296
GRAVES SOLO DARK GREY STARS,58.00*49.00*20.00,7.4,10.6756752
OPPELT OAK,162.00*57.00*15.00,40.95,33.261675600000004
PYTHIA OAK,122.00*47.00*23.00,38.5,31.101147999999995
QUELINA OAK,120.00*48.00*22.00,35.8,28.7201584
QUERALT OAK,120.00*58.00*12.00,22.7,17.167949599999996
RICHTER WHITE,97.00*76.00*17.00,24.5,18.755276
TANEKA CABINET GREY,78.00*52.00*25.00,17.5,17.582340000000002
TANEKA CABINET WHITE,78.00*52.00*25.00,17.5,17.582340000000002
TANEKA GREY,106.00*55.00*33.00,38.5,31.101147999999995
URFER,16.00*81.50*40.00,17.0,17.141416
VOLD,91.00*45.50*19.50,24.5,18.755276
ARLETTE OAK,104.50*82.20*10.00,19.6,19.434220800000002
BELSON BLACK B,111.50*49.50*12.50,15.8,16.0831984
BLACKBURN LMKZ,118.00*65.00*12.00,21.0,20.668808
BRANTLEY OAK,152.00*67.00*15.00,32.5,25.81006
BRANTLEY WALNUT,152.00*67.00*15.00,32.5,25.81006
BRENTON,127.00*67.00*11.50,22.5,21.99158
DEMBE KD 140CM FABRIC BLACK WHITE,148.50*65.70*5.90,15.64,15.942102720000001
DROGBA Ⅰ,133.50*59.00*16.50,22.5,21.99158
DROGBA BLACK Ⅰ,133.50*59.00*16.50,22.5,21.99158
ELMO OAK A,132.00*68.50*9.50,14.0,14.495871999999999
ELMO OAK B,133.00*68.00*12.00,15.6,15.9068288
ELMO OAK D,130.00*68.00*10.50,15.0,15.37772
FORT BIRCH JM LMKZ,129.00*68.50*15.00,21.5,21.109732
FORT WALNUT JM LMKZ,129.00*68.50*15.00,21.5,21.109732
GUDURIC TARRANT A,110.00*75.00*7.50,11.5,17.291252
HABIBI DESK A,92.00*59.00*7.50,10.1,16.0566648
HARPER E,107.00*73.50*6.50,11.5,17.291252
LYNDA-A 246T,127.50*85.00*13.00,19.1,18.9932968
MADDIE LMKZ,98.00*58.00*13.00,16.22,16.45357456
MCGHEE DARK GREY PLUS,129.50*55.00*13.00,17.5,17.582340000000002
MCGHEE DGREY,130.00*74.60*8.00,16.5,16.700492
MEGAN TABLE BROWN D,114.50*86.50*5.00,11.25,17.07079
MIDTOWN,126.00*65.00*12.00,27.0,20.959896
OSMIN GREEN,124.00*74.00*22.00,22.0,21.550656
PARCA BLUE,131.00*66.00*32.00,31.25,24.70775
PARCA GREY,131.00*66.00*32.00,31.25,24.70775
PARCA WHITE,131.00*66.00*32.00,31.25,24.70775
PHELPS WALNUT,143.00*56.00*16.50,26.5,20.518971999999998
POUCHU 246T,123.00*55.00*11.50,14.35,14.804518799999999
POUCHU OAK,123.00*55.00*11.50,16.14,16.38302672
ROGER BLACK,121.00*76.00*9.00,26.2,20.254417599999996
SOLEIL,122.00*66.50*22.00,23.0,17.432503999999998
TASMAN OAK D,136.00*67.00*7.00,13.0,18.614024
TASMAN OAK E,132.00*69.00*8.50,14.55,14.980888400000001
TULIPS A,123.00*58.00*18.50,26.5,20.518971999999998
TULIPS B,126.00*57.50*17.50,24.5,18.755276
ULTRON DESK,106.00*48.00*13.00,14.5,14.936796
ULTRON DESK WALNUT,106.00*48.00*13.00,14.5,14.936796
WASTON WALNUT,97.00*52.50*13.00,16.5,16.700492
YEDDA COMPUTER DESK A,133.50*52.50*18.00,18.0,18.023263999999998
ZEN DESK,131.00*67.00*12.00,15.0,15.37772
ADAMS BLACK,76.00*30.00*59.00,10.8,16.6739584
ADAMS BLACK,76.00*30.00*59.00,10.8,16.6739584
ADAMS BROWN,76.00*30.00*59.00,10.8,16.6739584
ALLEGRI,59.00*28.00*59.00,11.5,17.291252
AMOS CHAIR,71.00*35.00*65.00,18.0,18.023263999999998
BLOKHUS BLACK RF LMKZ,69.00*28.00*52.00,7.6,10.852044799999998
BLOKHUS BLACK RF LMKZ,69.00*28.00*52.00,7.6,10.852044799999998
BLOKHUS BLUE RF,69.00*28.00*52.00,7.6,10.852044799999998
BLOKHUS LIGHT GREY,69.00*28.00*52.00,7.6,10.852044799999998
BRIGID BEIGE,77.00*65.00*45.00,22.7,17.167949599999996
CARNATION BLUE,46.00*18.50*44.50,5.7,9.176533599999999
CARNATION BLUE PLICA,46.00*18.50*44.50,5.7,9.176533599999999
CARNATION GREY,46.00*18.50*44.50,5.7,9.176533599999999
CARNATION PINK V1,46.00*18.50*44.50,5.7,9.176533599999999
CARNATION ROSE,46.00*18.50*44.50,5.7,9.176533599999999
CARNATION TURQUOISE,47.00*19.00*46.00,5.87,9.32644776
CARNATION TURQUOISE,47.00*19.00*46.00,5.87,9.32644776
CARNATION TURQUOISE Ⅰ,48.00*19.00*46.00,6.03,9.46754344
CIAN BLUE Ⅰ,67.00*39.00*55.00,8.5,11.645707999999999
CIAN GREEN Ⅰ,67.00*39.00*55.00,7.8,11.028414399999999
CIAN GREY Ⅰ,67.00*39.00*55.00,8.5,11.645707999999999
CIAN ROSE Ⅰ,67.00*39.00*55.00,8.5,11.645707999999999
CLARISSA DARK BLUE,52.00*58.00*41.00,8.5,11.645707999999999
DEWITT,86.00*32.00*65.00,16.0,16.259567999999998
DUDLEY DBLUE,64.00*32.00*56.00,8.0,11.204784
DUDLEY YELLOW,64.00*32.00*56.00,8.0,11.204784
DUDLEY YELLOW,64.00*32.00*56.00,8.0,11.204784
FAVORS BLUE,46.00*18.50*44.50,6.0,9.441087999999999
HIGOS PU BLACK RF,68.00*28.00*52.00,8.2,11.3811536
IWC PURPLE,50.00*15.00*47.50,5.3,8.823794399999999
IWC TURQUOISE,50.00*15.00*47.50,5.3,8.823794399999999
JAREN DARK BLUE,75.00*67.50*65.00,12.5,18.1731
JAREN GINGER,75.00*67.50*65.00,12.5,18.1731
JAREN GREEN,75.00*67.50*65.00,12.5,18.1731
MAKER PRINTING FABRIC,72.00*35.00*56.00,9.8,15.7921104
MATTHEWS VELVET GREY,61.00*60.50*43.00,10.7,16.5857736
MENDEZ DARK BLUE,55.00*53.00*43.00,8.3,11.4693384
MOORISH GREY,69.00*52.00*28.00,7.6,10.852044799999998
NACHI GINGER FELLCE,78.00*61.00*42.00,12.5,18.1731
NACHI GREEN FELLCE,78.00*61.00*42.00,12.5,18.1731
NACHI GREY FELLCE,127.00*54.61*10.16,12.5,18.1731
REDAN PINK,81.00*47.00*67.00,16.9,17.0532312
RENEE,69.00*66.00*40.00,21.1,20.756992800000003
ROSS CHROME VELVET CACTUS,64.00*35.00*56.00,10.2,16.1448496
ROSS CHROME VELVET GREY,64.00*35.00*56.00,10.4,16.3212192
ROSS CHROME VELVET ROSE,64.00*35.00*56.00,10.4,16.3212192
TUNNEY BLUE LMKZ,78.00*29.00*60.00,15.7,15.9950136
TUNNEY WHITE LMKZ,78.00*29.00*60.00,15.7,15.9950136
ZAK YKC,62.00*31.00*59.00,15.0,15.37772
BETTIE DAY BED,106*26*16.5,20.0,19.78696
BETTIE DAY BED,106.00*26.00*16.50,20.0,19.78696
GOBERT FULL,164.00*72.50*17.00,23.8,18.1379824
GOBERT FULL,164.00*72.50*17.00,23.8,18.1379824
GOBERT FULL WHITE,164.00*72.50*17.00,23.8,18.1379824
GOBERT QUEEN,180.00*72.50*17.00,26.2,20.254417599999996
GOBERT QUEEN,180.00*72.50*17.00,26.2,20.254417599999996
GOBERT QUEEN WHITE,180.00*72.50*17.00,26.2,20.254417599999996
MANGOLD TWIMW LMKZ,108.00*31.00*17.50,23.0,17.432503999999998
MANGOLD TWIMW LMKZ,108.00*31.00*17.50,23.0,17.432503999999998
MIYE FULL GOLD,146.00*54.00*8.00,20.8,20.4924384
SOROSIS FROSTED BLACK GF TWIN,108.00*28.00*20.00,23.5,17.873428
SOROSIS FROSTED BLACK GF TWIN,108.00*28.00*20.00,23.5,17.873428
ADY WALNUT,77.00*38.00*15.00,5.0,8.559239999999999
OFORI NIGHT STAND,70.50*52.50*14.00,11.0,16.850328
